URL,Images,Last Mod.
https://veecasa.com/,3,2026-04-25 20:37 +00:00
https://veecasa.com/saving-for-your-home/,0,2026-04-28 19:59 +00:00
https://veecasa.com/closing-cost-demystified/,0,2026-04-28 19:55 +00:00
https://veecasa.com/bridge-loan-same-day-fha-closing/,0,2026-04-28 19:54 +00:00
https://veecasa.com/buyer-education-hub/,0,2026-04-28 19:53 +00:00
https://veecasa.com/mortgage-types/,0,2026-04-28 19:41 +00:00
https://veecasa.com/sellers-concessions/,0,2026-04-28 19:35 +00:00
https://veecasa.com/debt-to-income-ratio/,0,2026-04-28 19:35 +00:00
https://veecasa.com/credit-score/,0,2026-04-28 19:34 +00:00
https://veecasa.com/buydowns/,0,2026-04-28 19:33 +00:00
https://veecasa.com/state-and-local-housing-grants/,0,2026-04-28 19:32 +00:00
https://veecasa.com/realtor-realtionship-advice/,1,2026-04-28 19:31 +00:00
https://veecasa.com/preapproval/,0,2026-04-28 19:31 +00:00
https://veecasa.com/home-inspection/,0,2026-04-28 19:29 +00:00
https://veecasa.com/mortgage-guides/,0,2026-04-28 19:25 +00:00
https://veecasa.com/fha-loan-requirements-paterson-nj/,1,2026-04-28 19:03 +00:00
https://veecasa.com/fha-loan-requirements-red-bank-nj/,1,2026-04-28 19:02 +00:00
https://veecasa.com/fha-loan-requirements-edison-nj/,1,2026-04-28 18:59 +00:00
https://veecasa.com/choosing-the-right-lender/,0,2026-04-27 09:22 +00:00
https://veecasa.com/types-of-mortgage/,0,2026-04-27 07:56 +00:00
https://veecasa.com/mortgage-insurance-explained/,0,2026-04-27 06:57 +00:00
https://veecasa.com/fha-loan-requirements-bayonne-nj/,1,2026-04-26 23:47 +00:00
https://veecasa.com/fha-loan-requirements-asbury-park-nj/,1,2026-04-26 23:45 +00:00
https://veecasa.com/fha-loan-requirements-toms-river-nj/,1,2026-04-26 23:34 +00:00
https://veecasa.com/fha-loan-approval-nj/,0,2026-04-26 23:24 +00:00
https://veecasa.com/form/,0,2026-04-26 23:17 +00:00
https://veecasa.com/fha-loan-requirements-jersey-city-nj/,1,2026-04-26 14:15 +00:00
https://veecasa.com/fha-loan-requirements-manalapan-nj/,2,2026-04-26 14:12 +00:00
https://veecasa.com/fha-loan-requirements-metuchen-nj/,1,2026-04-26 14:12 +00:00
https://veecasa.com/fha-loan-requirements-marlboro-nj/,1,2026-04-26 14:10 +00:00
https://veecasa.com/fha-loan-requirements-plainfield-nj/,1,2026-04-26 13:57 +00:00
https://veecasa.com/fha-loan-requirements-south-plainfield-nj/,1,2026-04-26 13:49 +00:00
https://veecasa.com/fha-loan-requirements-union-nj/,1,2026-04-26 13:45 +00:00
https://veecasa.com/fha-loan-requirements-westfield-nj/,1,2026-04-26 13:40 +00:00
https://veecasa.com/fha-loan-requirements-neptune-nj/,1,2026-04-26 13:35 +00:00
https://veecasa.com/fha-loan-requirements-piscataway-nj/,1,2026-04-26 13:27 +00:00
https://veecasa.com/fha-loan-requirements-matawan-nj/,1,2026-04-26 13:20 +00:00
https://veecasa.com/fha-loan-requirements-old-bridge-nj/,1,2026-04-26 13:14 +00:00
https://veecasa.com/fha-loan-requirements-hazlet-nj/,1,2026-04-26 12:59 +00:00
https://veecasa.com/fha-loan-requirements-ocean-township-nj/,1,2026-04-26 12:40 +00:00
https://veecasa.com/about/,1,2026-04-26 00:56 +00:00
https://veecasa.com/calculator/,0,2026-04-26 00:32 +00:00
https://veecasa.com/dti-calculator/,0,2026-04-25 23:52 +00:00
https://veecasa.com/commercial-loans/,0,2026-04-25 23:36 +00:00
https://veecasa.com/mortgage-calculator-nj/,0,2026-04-25 22:56 +00:00
https://veecasa.com/mortgage-calculator-explained/,0,2026-04-25 22:53 +00:00
https://veecasa.com/dscr-calculator/,0,2026-04-25 22:48 +00:00
https://veecasa.com/mortgage-calculator/,0,2026-04-25 22:39 +00:00
https://veecasa.com/veecasa-process/,1,2026-04-25 21:36 +00:00
https://veecasa.com/home-buying/,1,2026-04-25 20:55 +00:00
https://veecasa.com/jumbo-loans/,0,2026-04-25 20:46 +00:00
https://veecasa.com/refinance-loans/,0,2026-04-25 20:42 +00:00
https://veecasa.com/fha-loan-requirements-south-amboy-nj/,1,2026-04-25 20:29 +00:00
https://veecasa.com/fha-loan-requirements-sayreville-nj/,1,2026-04-25 20:25 +00:00
https://veecasa.com/fha-loan-requirements-rahway-nj/,1,2026-04-25 20:21 +00:00
https://veecasa.com/fha-loan-requirements-perth-amboy-nj/,1,2026-04-25 20:14 +00:00
https://veecasa.com/fha-loan-requirements-woodbridge-nj/,1,2026-04-25 20:11 +00:00
https://veecasa.com/fha-loan-requirements-north-brunswick-nj/,1,2026-04-25 20:05 +00:00
https://veecasa.com/fha-loan-requirements-new-brunswick-nj/,1,2026-04-25 20:04 +00:00
https://veecasa.com/fha-loan-requirements-newark-nj/,1,2026-04-25 17:04 +00:00
https://veecasa.com/fha-loan-requirements-middletown-nj/,1,2026-04-25 17:02 +00:00
https://veecasa.com/dscr-loans/,0,2026-04-24 23:37 +00:00
https://veecasa.com/hard-money-loans/,0,2026-04-24 22:37 +00:00
https://veecasa.com/government-loans/,0,2026-04-24 22:13 +00:00
https://veecasa.com/fha-loan-requirements-long-branch-nj/,1,2026-04-24 22:11 +00:00
https://veecasa.com/fha-loan-requirements-linden-nj/,1,2026-04-24 22:07 +00:00
https://veecasa.com/fha-loan-requirements-keyport-nj/,1,2026-04-24 21:53 +00:00
https://veecasa.com/fha-loan-requirements-highland-park-nj/,1,2026-04-24 21:46 +00:00
https://veecasa.com/fha-loan-requirements-freehold-nj/,1,2026-04-24 21:41 +00:00
https://veecasa.com/fha-loan-requirements-elizabeth-nj/,1,2026-04-24 21:37 +00:00
https://veecasa.com/fha-loan-requirements-east-brunswick-nj/,1,2026-04-24 21:32 +00:00
https://veecasa.com/document-checklist/,0,2026-04-24 21:14 +00:00
https://veecasa.com/contact-us/,0,2026-04-24 21:05 +00:00
https://veecasa.com/fha-loan-requirements-carteret-nj/,1,2026-04-23 17:52 +00:00
https://veecasa.com/fha-loan-requirements-clark-nj/,1,2026-04-23 17:52 +00:00
https://veecasa.com/deal-analyzer/,0,2026-04-18 21:09 +00:00
https://veecasa.com/purchase-loans/,0,2026-04-17 10:37 +00:00
https://veecasa.com/when-to-refinance/,0,2026-04-17 10:29 +00:00
https://veecasa.com/investment-property-loans/,0,2026-04-17 10:25 +00:00
https://veecasa.com/sba-loans/,0,2026-04-17 10:01 +00:00
https://veecasa.com/press/,0,2026-04-17 09:58 +00:00
https://veecasa.com/career/,0,2026-04-17 09:56 +00:00
https://veecasa.com/thank-you/,1,2026-04-17 09:52 +00:00
https://veecasa.com/privacy-policy/,0,2026-04-17 09:48 +00:00
https://veecasa.com/terms-of-use/,0,2026-04-17 09:45 +00:00
https://veecasa.com/ccpa-notice/,0,2026-04-17 09:38 +00:00
https://veecasa.com/accessibility/,0,2026-04-17 09:30 +00:00
https://veecasa.com/legal-disclaimer/,0,2026-04-17 08:04 +00:00
https://veecasa.com/apr-vs-rate/,0,2026-04-17 07:44 +00:00
https://veecasa.com/blogs/,6,2026-04-10 20:37 +00:00
